WORD,COUNT
point,792
view,472
fold,404
leibniz,339
series,233
infinite,218
say,207
inflection,202
body,196
world,187
mean,185
matter,183
line,178
form,175
infinity,174
subject,161
baroque,159
go,157
understand,143
floor,143
soul,140
individual,127
curve,127
curvature,126
time,121
know,118
straight,112
like,110
philosophy,107
tell,105
word,105
thing,103
simple,101
envelop,97
pleat,96
sense,95
fine,92
idea,91
center,91
way,90
god,90
come,89
yes,88
concept,87
kind,86
number,86
problem,82
good,80
element,80
create,78
level,75
angle,75
find,74
movement,74
fact,71
call,70
pass,69
small,68
variable,65
consider,64
long,63
right,63
text,62
spontaneity,62
object,62
let,61
great,61
define,60
notion,59
follow,58
case,58
mathematic,58
machine,58
second,57
relation,56
start,55
monad,55
speak,54
think,54
reason,53
refer,52
moment,52
genetic,52
labyrinth,52
infinitely,50
give,49
principle,49
little,49
exist,49
question,48
state,48
organism,48
want,47
example,47
elastic,47
see,47
work,45
circle,44
window,44
need,43
low,43
grasp,43
portion,43
figure,43
triangle,43
answer,42
continuous,42
place,41
necessarily,41
entire,41
part,41
expression,40
outside,40
accord,39
certain,38
unfold,38
henceforth,38
possible,38
true,38
develop,37
read,37
precisely,37
correspond,37
order,37
variation,37
upper,37
include,37
city,37
characteristic,36
aggregate,36
physics,36
equal,36
system,35
mass,35
clear,35
painting,35
try,34
atom,34
inclusion,34
philosopher,33
end,33
simply,33
show,33
new,33
vertex,33
look,32
today,32
philosophical,32
remark,32
lion,32
constitute,31
beautiful,31
ok,31
irrational,31
power,31
present,30
operation,30
descarte,30
change,30
express,30
substance,30
information,29
get,29
mathematical,29
rectilinear,29
space,29
arrange,29
mirror,29
unity,29
important,28
term,28
ask,28
continue,28
marble,28
klee,28
necessary,28
truth,28
etc,27
hard,27
entirely,26
treatment,26
masse,26
clearly,26
believe,25
condition,25
theme,25
bit,25
final,25
insofar,25
leave,24
hole,24
proper,24
century,23
explain,23
imply,23
fluid,23
draw,23
status,23
take,23
fly,23
ideal,23
begin,23
eh,23
perspective,23
comprehension,23
doubt,22
stop,22
prefer,22
extension,22
organic,22
open,22
meeting,22
tangent,22
recall,22
heidegger,22
profile,22
close,22
metamorphosis,22
year,21
establish,21
fundamental,21
famous,21
lot,21
extent,21
degree,21
contain,21
theory,21
development,21
finite,21
happen,21
fish,21
ah,21
able,21
introduce,21
site,21
grid,21
history,20
hypothesis,20
locate,20
cease,20
interest,20
strange,20
well,20
step,20
return,20
possibility,20
assume,20
affect,20
add,20
drawing,20
genesis,20
composite,20
transformation,20
animal,20
objectile,20
c,20
inside,20
predicate,20
inverse,20
interesting,19
aspect,19
general,19
obviously,19
notably,19
passage,19
round,19
occur,19
completely,19
proposition,19
cause,19
b,19
common,19
arithmetic,19
multiplicity,19
individuation,19
life,18
concern,18
consist,18
act,18
compose,18
envelopment,18
specifically,18
conical,18
particular,17
extreme,17
discuss,17
immediately,17
study,17
fall,17
encompass,17
cut,17
concavity,17
plus,17
proof,17
neo,17
sartre,17
seventeenth,16
bulk,16
single,16
connect,16
law,16
speed,16
appear,16
indicate,16
provide,16
occupy,16
implicate,16
exactly,16
vitalism,16
death,16
hand,16
write,16
region,16
notice,16
manner,16
natural,15
architecture,15
guidepost,15
wölfflin,15
soft,15
use,15
link,15
tiny,15
opposite,15
leibnizian,15
live,15
constant,15
egg,15
contrary,15
comment,15
propose,15
reach,15
name,15
type,15
caesar,15
cone,15
door,15
distinguish,14
designate,14
nature,14
certainly,14
finally,14
remain,14
increase,14
water,14
art,14
break,14
far,14
force,14
substitute,14
thought,14
pre,14
discover,14
complicated,14
account,14
convergent,14
move,14
plane,14
have,14
difficult,14
collaboration,14
non,14
complete,14
lose,14
remember,14
parabola,14
receive,14
ellipse,14
perspectivism,14
superject,14
reading,14
necessity,13
truly,13
bring,13
treat,13
recognize,13
allow,13
position,13
model,13
insist,13
greatly,13
absolutely,13
reasonable,13
hold,13
turn,13
living,13
evolution,13
course,13
early,13
axis,13
kandinsky,13
exterior,13
note,13
will,13
double,13
segment,13
extremely,13
ontological,13
family,13
geometry,13
false,13
insert,13
fractional,13
projection,13
visible,13
introduction,12
nonetheless,12
essential,12
face,12
construct,12
forward,12
book,12
undertake,12
pond,12
harmony,12
difference,12
precede,12
conception,12
literally,12
strictly,12
derive,12
separate,12
modern,12
rapport,12
singular,12
cross,12
perfect,12
logic,12
reference,12
merleau,12
run,12
chinese,12
irregular,12
deleuze,12
talk,12
section,12
attribute,12
plurality,12
die,11
difficulty,11
operate,11
action,11
sign,11
intuition,11
group,11
paragraph,11
monadology,11
limit,11
multiple,11
vertical,11
direction,11
oblique,11
require,11
calculus,11
paul,11
different,11
person,11
goal,11
existence,11
ponty,11
function,11
compact,11
domain,11
specialist,11
proclus,11
vein,11
offer,10
era,10
thousand,10
consequence,10
oh,10
pose,10
dimension,10
latin,10
represent,10
opposition,10
result,10
engender,10
divide,10
sum,10
actual,10
special,10
importance,10
animalcule,10
definition,10
describe,10
fourth,10
determine,10
make,10
virtual,10
virtue,10
determination,10
universe,10
belong,10
exclamatory,10
light,10
realize,10
lovely,10
fifth,10
inseparable,10
hope,10
connection,10
adequate,10
logarithm,10
corresponding,10
serre,10
pascal,10
hyperbola,10
countryside,10
monas,10
specification,10
binary,10
mine,10
man,9
viewpoint,9
easy,9
obvious,9
invent,9
sculpture,9
piece,9
abstract,9
huge,9
enlargement,9
produce,9
hardly,9
logical,9
respond,9
physic,9
elasticity,9
cartesian,9
having,9
square,9
later,9
mobile,9
meet,9
encounter,9
incerto,9
mind,9
flow,9
symmetry,9
maintain,9
inorganic,9
path,9
reflect,9
singularity,9
canvas,9
emerge,9
class,9
freedom,9
indefinite,9
constantly,9
physical,9
pure,9
datum,9
progression,9
finish,9
d,9
arc,9
conclude,9
envelope,9
progress,9
s,9
inherence,9
film,9
screen,9
plato,9
trait,9
sahara,9
proceed,8
imagine,8
correspondence,8
impression,8
tendency,8
avoid,8
acanthus,8
leaf,8
ultimate,8
mathematician,8
composition,8
feel,8
minimum,8
surface,8
short,8
fundamentally,8
metaphor,8
sort,8
stage,8
involution,8
irreducible,8
help,8
seek,8
interested,8
inscribe,8
active,8
jump,8
task,8
quickly,8
suffice,8
extend,8
basis,8
yield,8
science,8
glance,8
rational,8
là,8
unit,8
scale,8
cape,8
suppose,8
cylindrical,8
desargue,8
anamorphosis,8
whitehead,8
understanding,8
mona,8
platonism,8
nearly,7
bear,7
essence,7
confirm,7
directly,7
differential,7
suddenly,7
repeat,7
greek,7
curious,7
conceive,7
high,7
image,7
thank,7
presuppose,7
formation,7
poem,7
epigenesis,7
wait,7
being,7
sound,7
identity,7
event,7
conclusion,7
retain,7
vary,7
travel,7
forget,7
metaphysic,7
advance,7
deep,7
absolute,7
bad,7
situation,7
manage,7
odd,7
middle,7
exclamation,7
presence,7
measure,7
communication,7
spring,7
block,7
michaux,7
arrive,7
schema,7
distinct,7
length,7
intermediary,7
demonstrate,7
equation,7
mandelbrot,7
communicate,7
parallel,7
harmonic,7
exteriority,7
individuality,7
platonist,7
indefinitely,7
tense,7
entry,6
gothic,6
pleated,6
learn,6
causality,6
obscure,6
emphasize,6
horizontal,6
familiar,6
oppose,6
descartes,6
criticize,6
correct,6
school,6
analysis,6
rest,6
tempore,6
deviation,6
people,6
thinkable,6
flesh,6
perpetually,6
preformation,6
language,6
couple,6
base,6
undergo,6
unfolding,6
traverse,6
mechanical,6
organize,6
stupid,6
forth,6
material,6
suggest,6
chaos,6
deal,6
stretch,6
title,6
mark,6
external,6
tension,6
spontaneous,6
effort,6
admirable,6
precise,6
prolong,6
detail,6
letter,6
author,6
adopt,6
susceptible,6
sufficient,6
especially,6
student,6
mode,6
contradiction,6
purely,6
one,6
play,6
discussion,6
equally,6
reveal,6
reconcile,6
perfectly,6
transform,6
lead,6
veil,6
tale,6
mallarmé,6
remind,6
process,6
metaphysical,6
scientific,6
metaphysics,6
demonstration,6
squared,6
found,6
seize,6
rubicon,6
disorder,6
nietzsche,6
emergence,6
head,6
tradition,6
portrait,6
mussolini,6
officer,6
cinema,6
opaque,6
pollock,6
sensible,6
visibility,6
noun,6
symbol,6
area,6
plotinus,6
en,6
nothingness,6
dare,5
identify,5
location,5
staircase,5
regard,5
climb,5
rounding,5
motif,5
enter,5
math,5
fluidity,5
large,5
conatus,5
summary,5
assign,5
decrease,5
void,5
combination,5
whatsoever,5
away,5
pair,5
ancient,5
discovery,5
microscope,5
specie,5
involvere,5
evolve,5
evolutionism,5
diminish,5
butterfly,5
original,5
source,5
brilliant,5
particularly,5
mechanism,5
story,5
simplify,5
ashe,5
judgment,5
diffuse,5
independent,5
coordinate,5
painter,5
exert,5
enveloper,5
trace,5
pretty,5
rotation,5
curved,5
tired,5
real,5
demand,5
review,5
sure,5
strike,5
proliferation,5
reader,5
focus,5
previous,5
useless,5
relate,5
distribute,5
settle,5
confuse,5
resolve,5
summarize,5
essentially,5
formula,5
impose,5
capacity,5
commentary,5
heideggerian,5
rudimentary,5
lace,5
inflexion,5
hyperbole,5
suit,5
constitutive,5
prove,5
direct,5
contemporary,5
intersect,5
fraction,5
transcendent,5
banality,5
stay,5
vector,5
arrangement,5
chapter,5
concave,5
independently,5
james,5
manifestation,5
left,5
old,5
slide,5
relative,5
schoenberg,5
useful,5
rauschenberg,5
percept,5
distinctly,5
awareness,5
internal,5
digressive,5
metempsychosis,5
lecture,4
eighteenth,4
german,4
solution,4
rigorously,4
vague,4
presume,4
architectural,4
session,4
hey,4
commentator,4
cover,4
instead,4
michelangelo,4
deduction,4
serve,4
decorative,4
garden,4
lake,4
massive,4
solid,4
uproar,4
physicist,4
satisfied,4
acceleration,4
solicitation,4
consideration,4
regime,4
ahead,4
topic,4
indivisible,4
lucretius,4
clinaman,4
descent,4
arbitrary,4
construction,4
angular,4
chance,4
spirit,4
primitive,4
homothety,4
implicare,4
previously,4
astonishing,4
lack,4
animate,4
diffusion,4
generally,4
silence,4
random,4
marvelous,4
engendering,4
funny,4
complicate,4
pull,4
influence,4
inclination,4
ogive,4
wave,4
ready,4
join,4
justify,4
abstraction,4
concrete,4
somewhat,4
overflow,4
meaning,4
genre,4
de,4
la,4
differently,4
developed,4
enormous,4
liberty,4
decide,4
catastrophic,4
involve,4
deeply,4
grand,4
evident,4
trajectory,4
endow,4
sixth,4
few,4
pool,4
strong,4
choice,4
relationship,4
secret,4
grant,4
exercise,4
thom,4
twist,4
gather,4
tend,4
proportion,4
interval,4
typically,4
possess,4
criterion,4
agree,4
complex,4
approximation,4
knowledge,4
discourse,4
wonder,4
apply,4
uniquely,4
apparently,4
distance,4
seven,4
hegel,4
objection,4
care,4
render,4
put,4
furthermore,4
pi,4
genius,4
minus,4
listen,4
appearance,4
aside,4
bay,4
dream,4
nonsensical,4
profoundly,4
tuesday,4
enveloping,4
half,4
sensitive,4
advantage,4
determinable,4
configuration,4
synthesis,4
italian,4
theater,4
depend,4
regression,4
planetary,4
universal,4
henry,4
reflection,4
research,4
constitution,4
impossible,4
depth,4
opening,4
fortunately,4
keep,4
room,4
temperature,4
numerical,4
university,4
pluralism,4
spinoza,4
seventh,4
table,4
deserve,4
ninth,4
systematic,4
oasis,4
accident,4
creation,4
resurrection,4
haunt,4
elevation,4
innate,4
wrong,4
situate,3
arrival,3
entirety,3
raise,3
renaissance,3
music,3
confused,3
classical,3
normal,3
heart,3
splendid,3
statement,3
similar,3
presentation,3
clothing,3
vice,3
versa,3
approach,3
abstractly,3
lowering,3
elementary,3
wall,3
effect,3
lower,3
soften,3
softness,3
mollis,3
rounded,3
employ,3
substitution,3
entail,3
fountain,3
stream,3
contrast,3
structure,3
audible,3
ignore,3
atomist,3
wit,3
conservation,3
mv,3
wish,3
following,3
translation,3
fast,3
correlation,3
purpose,3
epicurean,3
yeh,3
duration,3
drop,3
launch,3
component,3
penetrate,3
thesis,3
miniscule,3
vision,3
stupidity,3
innovation,3
nineteenth,3
production,3
malebranche,3
mechanistic,3
oneself,3
argument,3
ovism,3
count,3
alive,3
explanation,3
enormously,3
outline,3
mathematically,3
key,3
underneath,3
gets,3
schematically,3
identical,3
ago,3
bernard,3
cache,3
currently,3
departure,3
multiply,3
church,3
bayle,3
predetermine,3
neighboring,3
gap,3
extract,3
incomprehensible,3
superior,3
catch,3
free,3
november,3
cycle,3
immediate,3
translate,3
carry,3
organ,3
distinction,3
decompose,3
continuity,3
acquire,3
admit,3
opinion,3
actually,3
exit,3
frame,3
phrase,3
curvilinear,3
primary,3
current,3
lively,3
dance,3
borrow,3
load,3
paradox,3
collection,3
ontology,3
phenomenology,3
veiling,3
unveiling,3
undo,3
profound,3
somber,3
correctly,3
chalk,3
authorize,3
support,3
judge,3
hierarchy,3
rupture,3
zero,3
catastrophe,3
umbilical,3
glory,3
parameter,3
bizarre,3
huygen,3
excuse,3
stick,3
radically,3
weigh,3
basic,3
hear,3
confront,3
fully,3
sequence,3
legitimately,3
isoscele,3
side,3
root,3
satisfaction,3
satisfy,3
fill,3
coast,3
rediscover,3
linkage,3
paper,3
video,3
hearing,3
manifest,3
schematic,3
careful,3
perpendicular,3
closed,3
regular,3
privilege,3
consistency,3
immanent,3
sphere,3
dramatic,3
consciousness,3
limited,3
circular,3
geometral,3
conscious,3
happy,3
alas,3
transformative,3
aie,3
planet,3
platitude,3
relativism,3
stagger,3
reserve,3
stain,3
generation,3
parenthetically,3
symbolize,3
melodic,3
extraordinary,3
child,3
engage,3
esse,3
brief,3
narrow,3
less,3
bother,3
rectify,3
valid,3
digital,3
concordance,3
consult,3
brain,3
petition,3
bar,3
security,3
set,3
evidently,3
specify,3
sketch,3
perception,3
calmly,3
modification,3
essay,3
reduce,3
augustus,3
exists,3
ignorance,3
rumble,3
subjective,3
christianity,3
perfection,3
numerator,3
denominator,3
prevent,3
fault,3
burial,3
diagram,3
reincarnation,3
christian,3
decimal,3
calculate,3
lode,3
missionary,3
christic,3
membrum,3
pour,3
soi,3
axiomatic,3
complementary,2
usual,2
europe,2
astronomy,2
biology,2
category,2
period,2
exact,2
central,2
european,2
suited,2
literature,2
operating,2
coincide,2
romantic,2
musical,2
assure,2
frequently,2
sinuous,2
usefulness,2
obscurity,2
gravita,2
gravity,2
pediment,2
arch,2
elliptical,2
articulation,2
birth,2
puffiness,2
desire,2
turbulence,2
serrate,2
dominate,2
conciliation,2
clay,2
originality,2
consonance,2
resonance,2
counterpoint,2
outcome,2
print,2
antiquity,2
slow,2
pretend,2
epicurus,2
atomic,2
complementarity,2
fun,2
experiment,2
tool,2
poet,2
english,2
doctrine,2
participate,2
initial,2
astonishment,2
germ,2
explicate,2
involver,2
evolver,2
evolutionist,2
refold,2
cocoon,2
alternation,2
similarity,2
expressible,2
mechanicist,2
miss,2
mechanicism,2
machinic,2
steel,2
wheel,2
fragment,2
cremate,2
glorious,2
restrain,2
comparison,2
sublime,2
formal,2
expect,2
irreducibility,2
obsessive,2
memory,2
merit,2
pedagogical,2
physically,2
anti,2
getting,2
board,2
uncertain,2
variant,2
accomplish,2
spontaneously,2
pursue,2
edge,2
inflect,2
recently,2
background,2
turning,2
starfish,2
probable,2
slowly,2
mysterious,2
intersection,2
displacement,2
abruptly,2
claim,2
properly,2
agglomerate,2
collaborate,2
substantial,2
parenthesis,2
unintelligible,2
insufficient,2
assimilate,2
comprehensible,2
appreciate,2
register,2
devote,2
modest,2
exclude,2
finality,2
invention,2
ceaselessly,2
seriously,2
accumulate,2
derivative,2
refuse,2
par,2
excellence,2
système,2
enlarge,2
signature,2
downstairs,2
adequately,2
upstairs,2
reproach,2
pole,2
plan,2
examination,2
secondly,2
rapidly,2
nautical,2
ballet,2
radical,2
explode,2
satisfying,2
overlay,2
overcome,2
converge,2
toss,2
stone,2
air,2
accelerate,2
escape,2
unable,2
poetry,2
recent,2
pick,2
experience,2
dual,2
co,2
phenomenological,2
husserl,2
ignorant,2
rubbery,2
cavernous,2
owe,2
mix,2
variety,2
weave,2
thread,2
prolongation,2
unknown,2
distant,2
sleep,2
slightly,2
coexist,2
furnish,2
intrinsic,2
inspiration,2
al,2
method,2
division,2
troubling,2
swear,2
curiosity,2
pucker,2
dovetail,2
ellipsis,2
revision,2
delicate,2
allusion,2
suitable,2
semi,2
worth,2
badly,2
historically,2
win,2
autonomy,2
indeterminate,2
doubly,2
past,2
attention,2
squeeze,2
bump,2
opposed,2
aware,2
foresee,2
pseudo,2
indispensable,2
painful,2
easily,2
n,2
reasoning,2
theorem,2
hypotenuse,2
radius,2
o,2
suffering,2
faithful,2
alternate,2
addition,2
rigorous,2
suspect,2
stroke,2
declare,2
fractal,2
grotesque,2
trilateral,2
map,2
mystery,2
endure,2
newspaper,2
continually,2
torturous,2
appeal,2
pleating,2
twice,2
attempt,2
property,2
coherent,2
locatable,2
intercalate,2
practical,2
x,2
determined,2
concurrent,2
concurrence,2
michel,2
optical,2
loss,2
swim,2
equilibrium,2
pensées,2
confirmation,2
known,2
generative,2
lamentable,2
obtain,2
formulation,2
slice,2
convex,2
project,2
perceive,2
underscore,2
joke,2
festival,2
decor,2
décor,2
sole,2
elaborate,2
briefly,2
discern,2
onward,2
list,2
irregularity,2
surprising,2
sun,2
homage,2
perspectivist,2
novel,2
ordinary,2
permit,2
magic,2
concretely,2
rush,2
fascinate,2
paint,2
astound,2
triple,2
unformed,2
holbein,2
white,2
ish,2
skull,2
twentieth,2
definitive,2
vacillate,2
subsume,2
sit,2
interpretation,2
feeble,2
probably,2
thinking,2
rhythmic,2
descend,2
totality,2
allot,2
clarity,2
infantile,2
analyze,2
immobile,2
contradict,2
regulate,2
amazing,2
monstrous,2
thermometer,2
precursor,2
figurative,2
critic,2
emanate,2
camera,2
president,2
fire,2
poorly,2
week,2
jan,2
refolde,2
search,2
ideality,2
deaf,2
locus,2
naturally,2
phenomenon,2
technique,2
rise,2
weak,2
violent,2
assess,2
likewise,2
modality,2
legibility,2
price,2
debate,2
enclose,2
invoke,2
glimmer,2
legible,2
dissertation,2
equivalent,2
age,2
dun,2
scotus,2
urgently,2
idealism,2
reality,2
spend,2
rumbling,2
breaking,2
cosmic,2
convention,2
conventional,2
human,2
laborer,2
son,2
late,2
please,2
mono,2
theology,2
hénade,2
aristotelian,2
ray,2
appropriate,2
thick,2
rare,2
parmenide,2
platonic,2
subjectivity,2
attributable,2
predicable,2
courageous,2
biologist,2
exception,2
saharan,2
survive,2
push,2
intervene,2
feeling,2
unique,2
presupposition,2
strangely,2
tintoretto,2
el,2
greco,2
isabelle,2
darwin,2
wolff,2
seed,2
decree,2
catholic,2
theatre,2
predestine,2
device,2
meta,2
whack,2
unconscious,2
faint,2
attach,2
decomposition,2
symbolic,2
philological,2
passion,2
untwist,2
disconnected,2
reform,2
convert,2
trap,2
shithole,2
kant,2
obsess,2
chiasmus,2
crossing,2
mistake,2
romanesque,2
disparate,2
prefigure,2
october,1
sacred,1
halfway,1
tumultuous,1
summarily,1
precaution,1
aesthetic,1
historical,1
classicism,1
spanish,1
functional,1
wear,1
usefully,1
specificity,1
formulate,1
literary,1
transition,1
sinuosity,1
classic,1
unimaginable,1
lost,1
garment,1
bi,1
univocal,1
relaxed,1
usually,1
colossal,1
weight,1
facade,1
fullness,1
sight,1
pillar,1
column,1
confinement,1
swelling,1
thrust,1
delightful,1
wide,1
climbing,1
spinosus,1
edged,1
avoidance,1
procedure,1
altogether,1
waterfall,1
feature,1
massively,1
jet,1
visual,1
angled,1
hmm,1
capable,1
consonant,1
separable,1
divisible,1
composable,1
atomism,1
vis,1
elastica,1
raising,1
preceding,1
subsequent,1
integral,1
integration,1
summon,1
harmonize,1
critique,1
annoying,1
declination,1
obliquely,1
superficial,1
evidence,1
presumably,1
mixture,1
cicero,1
laugh,1
childish,1
numerous,1
eminent,1
detect,1
saying,1
john,1
donne,1
recite,1
lover,1
love,1
biological,1
resituate,1
commonplace,1
lyrical,1
qualify,1
vulgarize,1
explicare,1
devolvere,1
evolv,1
evolvere,1
synonymous,1
impliquer,1
expliquer,1
limitless,1
ancestor,1
reverse,1
diminution,1
frequent,1
rhythm,1
vitalist,1
machinism,1
divine,1
automaton,1
alright,1
cog,1
brass,1
artificial,1
intend,1
unfolded,1
frighten,1
pious,1
livable,1
incinerate,1
day,1
pinpoint,1
contraction,1
randomly,1
organicism,1
ovist,1
animalculist,1
partisan,1
spermatozoid,1
subsequently,1
formulae,1
arnauld,1
differ,1
diffused,1
concluding,1
ridiculous,1
invariable,1
solely,1
endanger,1
conditional,1
flash,1
affirmation,1
theoretical,1
constraint,1
relay,1
bogge,1
interconnect,1
capricious,1
withdraw,1
shadow,1
hatching,1
innovative,1
normally,1
diagonal,1
bisector,1
publish,1
prepare,1
architect,1
suspicion,1
submit,1
liquid,1
prolonging,1
fluctuation,1
continuation,1
abandon,1
inertia,1
ought,1
brutally,1
kandisky,1
instance,1
bundle,1
limpid,1
cite,1
confusing,1
enrol,1
paris,1
viii,1
specific,1
sleeve,1
economy,1
insignificant,1
teem,1
enunciate,1
multiplie,1
exclaim,1
explicit,1
crisscross,1
axiom,1
milieu,1
dispute,1
operative,1
agency,1
response,1
press,1
switch,1
performance,1
doubling,1
nouveau,1
duality,1
resistance,1
symmetrical,1
conversion,1
auspex,1
redoubling,1
distinguished,1
remarkable,1
mention,1
treacherous,1
blade,1
divisibility,1
prescience,1
quote,1
beginning,1
gift,1
treating,1
announce,1
assimilation,1
implication,1
explication,1
spermatic,1
pluri,1
cozy,1
warm,1
guardian,1
meantime,1
refresh,1
scholarly,1
animalculism,1
converging,1
ambient,1
lateness,1
redescend,1
completion,1
detoured,1
equip,1
reciprocal,1
shape,1
split,1
composed,1
armature,1
undertand,1
pointy,1
sheet,1
swarm,1
dynamism,1
penetration,1
requirement,1
effective,1
etymology,1
repercussion,1
praise,1
er,1
poetic,1
labyrinthine,1
heavy,1
surely,1
lily,1
console,1
premature,1
misunderstanding,1
conduit,1
ablative,1
assemble,1
interlacing,1
luxury,1
ghoul,1
knot,1
foliage,1
organically,1
inorganically,1
pressure,1
neighborhood,1
materiality,1
arise,1
generic,1
indubitable,1
cherished,1
elated,1
divergence,1
young,1
summarizing,1
octagonal,1
sliding,1
unhook,1
downward,1
upward,1
conjuncture,1
afar,1
bothersome,1
weakness,1
inspire,1
hyperbolic,1
parabolic,1
projectile,1
heading,1
value,1
patience,1
imprecise,1
mange,1
unexpected,1
pleased,1
hot,1
crystal,1
expedite,1
slight,1
astronomer,1
huygens,1
manual,1
smoking,1
smoke,1
save,1
teach,1
baccalauréat,1
unify,1
got,1
inept,1
einstein,1
thinker,1
cosmogony,1
collide,1
hang,1
disappointing,1
existing,1
mixed,1
violence,1
equalling,1
misstatement,1
amuse,1
periodic,1
suite,1
combine,1
discouraging,1
interior,1
clarify,1
lengthy,1
assimilable,1
occasion,1
revelation,1
oo,1
isosceles,1
rectangle,1
compass,1
terrible,1
giant,1
third,1
subdivision,1
reducible,1
whole,1
revive,1
delight,1
joyful,1
subtraction,1
thematic,1
dizziness,1
whatsit,1
unveil,1
invisible,1
indirectly,1
algebraic,1
means,1
wavy,1
erase,1
calculation,1
admire,1
cleverly,1
country,1
subtract,1
spongy,1
apparition,1
banal,1
astray,1
lean,1
folding,1
spatial,1
package,1
pocket,1
handkerchief,1
orthodoxy,1
suspicious,1
department,1
team,1
marielle,1
equipment,1
spoken,1
perverse,1
vaguely,1
global,1
smooth,1
bifurcation,1
volving,1
evolving,1
explicating,1
meant,1
foundation,1
proximity,1
crude,1
deliberate,1
whew,1
soon,1
overlaid,1
unfortunate,1
roll,1
carefully,1
convincing,1
access,1
remove,1
perpective,1
referable,1
mutual,1
immanence,1
creature,1
tone,1
fit,1
le,1
earth,1
prior,1
geometrician,1
geometrical,1
foremost,1
eye,1
successively,1
barely,1
degenerated,1
seemingly,1
foyer,1
regroup,1
modernity,1
theatrical,1
indefinable,1
newly,1
objet,1
allude,1
redo,1
guess,1
ouf,1
smart,1
anew,1
stack,1
community,1
disorderly,1
cleverness,1
choose,1
rule,1
crazy,1
insane,1
star,1
suppress,1
frankly,1
skeptical,1
frightening,1
signify,1
realization,1
impoverished,1
imbecile,1
mindless,1
considerably,1
sharp,1
gaze,1
powerful,1
closely,1
propel,1
astronomical,1
baltrusaijtis,1
engraving,1
euh,1
fascist,1
italy,1
propaganda,1
impressive,1
popular,1
buy,1
reproduce,1
photo,1
hierarchize,1
mess,1
ambassador,1
bookshelf,1
informal,1
formless,1
hollow,1
bone,1
initiate,1
aaaaaahhh,1
textually,1
explicitly,1
comfort,1
nicely,1
shift,1
guide,1
town,1
diversely,1
exaggerate,1
strongly,1
unusually,1
beware,1
principal,1
intelligence,1
audience,1
eternally,1
rectification,1
irreducibly,1
plural,1
cogito,1
posit,1
legitimate,1
backward,1
danger,1
respect,1
ascending,1
ascend,1
recurrent,1
invert,1
anticipate,1
prodigious,1
fantastic,1
elephant,1
solve,1
sentence,1
inoffensive,1
extraordinarily,1
vain,1
sing,1
ooo,1
extremity,1
june,1
f,1
g,1
tolerance,1
revolution,1
newton,1
impact,1
extended,1
conformity,1
eliminate,1
logically,1
unassailable,1
major,1
convexity,1
lined,1
beg,1
rapprochement,1
reject,1
drape,1
align,1
disgusting,1
pen,1
morning,1
risk,1
arm,1
dedicated,1
wire,1
simultaneously,1
house,1
monologue,1
wow,1
cold,1
discord,1
cost,1
understood,1
expressionism,1
american,1
article,1
mutation,1
layer,1
collage,1
backing,1
liberation,1
frontality,1
pictorial,1
convey,1
fulfil,1
terminal,1
stupidly,1
stare,1
ruin,1
heat,1
filmmaking,1
recess,1
december,1
strength,1
secondary,1
activity,1
address,1
instal,1
compatible,1
locked,1
detract,1
intellectual,1
polite,1
attend,1
declaration,1
restate,1
counter,1
organization,1
professor,1
involved,1
amaze,1
vacation,1
dec,1
option,1
abridge,1
numbered,1
whas,1
introductory,1
impress,1
intelligible,1
revise,1
disjunction,1
extending,1
initially,1
differentiate,1
program,1
surprise,1
ultimately,1
afterward,1
empower,1
arithmetical,1
relativity,1
novelist,1
frontal,1
character,1
pluralist,1
multitude,1
disturbing,1
elaboration,1
accounting,1
distribution,1
noteworthy,1
total,1
attentive,1
dead,1
accessible,1
luck,1
ahh,1
beauty,1
plicare,1
ideally,1
commodity,1
philosophizing,1
eminently,1
overtake,1
implicating,1
learned,1
formidable,1
charming,1
occasionally,1
qualification,1
incapable,1
future,1
relatively,1
russell,1
adam,1
surprised,1
encompasse,1
inscrutable,1
comprehend,1
adjunction,1
road,1
ciphered,1
representation,1
eighth,1
ascendant,1
descendant,1
retrograde,1
ending,1
dyslexic,1
blabber,1
confusedly,1
obscurely,1
illegibly,1
overlap,1
disperse,1
accordion,1
precocious,1
dea,1
aristotle,1
saint,1
thomas,1
deliver,1
socrate,1
alcibiade,1
insufficiency,1
wary,1
objectivity,1
muddle,1
pronounce,1
evaluate,1
conscience,1
gille,1
blind,1
tap,1
annoy,1
personal,1
capture,1
affirm,1
subsistence,1
ha,1
nominal,1
aggregation,1
assassinate,1
conventionally,1
mondalogy,1
consistent,1
usage,1
declension,1
dictionary,1
founder,1
disciple,1
e,1
substantive,1
henas,1
hena,1
increasingly,1
building,1
business,1
aristotelianism,1
plotinism,1
pythagorean,1
trickle,1
approximately,1
awfully,1
infertile,1
surpass,1
jupiteic,1
dry,1
titanic,1
procession,1
similarly,1
ena,1
potential,1
enade,1
marvelously,1
monade,1
lesson,1
astounded,1
transplant,1
succumb,1
amount,1
quick,1
terribly,1
mane,1
roar,1
mammal,1
copy,1
tail,1
clump,1
hair,1
display,1
historian,1
naturalist,1
aaaah,1
hesitate,1
overview,1
african,1
reconnect,1
qua,1
liable,1
relatable,1
contingency,1
genera,1
witness,1
calm,1
daring,1
affective,1
home,1
bed,1
invade,1
pertinence,1
noble,1
trouble,1
favor,1
conclusive,1
contradictory,1
wander,1
sneak,1
stand,1
strict,1
inversion,1
omit,1
shake,1
commit,1
behalf,1
everybody,1
presupposed,1
nominalism,1
waver,1
rich,1
reorganization,1
encompasser,1
orgaz,1
participant,1
celestial,1
incredible,1
baptize,1
forceful,1
grade,1
relocate,1
childhood,1
trimester,1
extant,1
achievement,1
creator,1
reversal,1
formed,1
preformist,1
evoke,1
subsist,1
hour,1
materialist,1
downstair,1
disseminate,1
perpetuation,1
destination,1
veritable,1
sub,1
inferior,1
farth,1
slippage,1
given,1
mathematico,1
reversed,1
totally,1
tapestry,1
sustain,1
harmonizer,1
adorable,1
orient,1
condemn,1
big,1
voluminous,1
lie,1
deaden,1
vampire,1
lay,1
christians,1
transmigration,1
fashionable,1
treatise,1
dialogue,1
europeans,1
unusual,1
fear,1
exchange,1
adore,1
combinatorie,1
digit,1
junior,1
absurd,1
silver,1
foreign,1
straighten,1
delighted,1
manageable,1
christ,1
superiority,1
distended,1
shock,1
release,1
reinterpretation,1
displease,1
intriguing,1
anecdotic,1
conversation,1
idiotic,1
methodology,1
convinced,1
dynamic,1
insolent,1
watch,1
topple,1
slip,1
nose,1
tip,1
disappear,1
miserable,1
horse,1
fair,1
grave,1
persuade,1
indifferent,1
richness,1
moderate,1
punishe,1
front,1
roman,1
strengthened,1
wonderful,1
tire,1
resemblance,1
interminable,1
bet,1
anecdotal,1
arouse,1
sculptor,1
